{
  "https://opensource-demo.orangehrmlive.com/web/index.php/auth/validate-0" : {
    "transaction" : "https://opensource-demo.orangehrmlive.com/web/index.php/auth/validate-0",
    "sampleCount" : 5,
    "errorCount" : 0,
    "errorPct" : 0.0,
    "meanResTime" : 334.0,
    "medianResTime" : 303.0,
    "minResTime" : 295.0,
    "maxResTime" : 456.0,
    "pct1ResTime" : 456.0,
    "pct2ResTime" : 456.0,
    "pct3ResTime" : 456.0,
    "throughput" : 0.1467222254827161,
    "receivedKBytesPerSec" : 0.23498481424966253,
    "sentKBytesPerSec" : 0.10287749794588884
  },
  "https://opensource-demo.orangehrmlive.com/web/index.php/api/v2/leave/employees/leave-requests?limit=50&offset=0&includeEmployees=onlyCurrent" : {
    "transaction" : "https://opensource-demo.orangehrmlive.com/web/index.php/api/v2/leave/employees/leave-requests?limit=50&offset=0&includeEmployees=onlyCurrent",
    "sampleCount" : 5,
    "errorCount" : 5,
    "errorPct" : 100.0,
    "meanResTime" : 254.4,
    "medianResTime" : 255.0,
    "minResTime" : 247.0,
    "maxResTime" : 261.0,
    "pct1ResTime" : 261.0,
    "pct2ResTime" : 261.0,
    "pct3ResTime" : 261.0,
    "throughput" : 0.10560777273207309,
    "receivedKBytesPerSec" : 0.031867970482627524,
    "sentKBytesPerSec" : 0.06136389138240575
  },
  "https://opensource-demo.orangehrmlive.com/web/index.php/auth/validate-1" : {
    "transaction" : "https://opensource-demo.orangehrmlive.com/web/index.php/auth/validate-1",
    "sampleCount" : 5,
    "errorCount" : 0,
    "errorPct" : 0.0,
    "meanResTime" : 367.0,
    "medianResTime" : 350.0,
    "minResTime" : 312.0,
    "maxResTime" : 505.0,
    "pct1ResTime" : 505.0,
    "pct2ResTime" : 505.0,
    "pct3ResTime" : 505.0,
    "throughput" : 0.14582361175921604,
    "receivedKBytesPerSec" : 0.6326238407022866,
    "sentKBytesPerSec" : 0.09113975734951005
  },
  "https://opensource-demo.orangehrmlive.com/web/index.php/auth/validate-2" : {
    "transaction" : "https://opensource-demo.orangehrmlive.com/web/index.php/auth/validate-2",
    "sampleCount" : 5,
    "errorCount" : 0,
    "errorPct" : 0.0,
    "meanResTime" : 183.6,
    "medianResTime" : 181.0,
    "minResTime" : 176.0,
    "maxResTime" : 192.0,
    "pct1ResTime" : 192.0,
    "pct2ResTime" : 192.0,
    "pct3ResTime" : 192.0,
    "throughput" : 0.14635288607891347,
    "receivedKBytesPerSec" : 0.14163643564863598,
    "sentKBytesPerSec" : 0.10519113686921906
  },
  "https://opensource-demo.orangehrmlive.com/web/index.php/auth/validate" : {
    "transaction" : "https://opensource-demo.orangehrmlive.com/web/index.php/auth/validate",
    "sampleCount" : 5,
    "errorCount" : 0,
    "errorPct" : 0.0,
    "meanResTime" : 915.0,
    "medianResTime" : 856.0,
    "minResTime" : 793.0,
    "maxResTime" : 1248.0,
    "pct1ResTime" : 1248.0,
    "pct2ResTime" : 1248.0,
    "pct3ResTime" : 1248.0,
    "throughput" : 0.14338973329509608,
    "receivedKBytesPerSec" : 1.54695677695727,
    "sentKBytesPerSec" : 0.7091070404359049
  },
  "https://opensource-demo.orangehrmlive.com/web/index.php/auth/validate-3" : {
    "transaction" : "https://opensource-demo.orangehrmlive.com/web/index.php/auth/validate-3",
    "sampleCount" : 5,
    "errorCount" : 0,
    "errorPct" : 0.0,
    "meanResTime" : 201.6,
    "medianResTime" : 179.0,
    "minResTime" : 176.0,
    "maxResTime" : 285.0,
    "pct1ResTime" : 285.0,
    "pct2ResTime" : 285.0,
    "pct3ResTime" : 285.0,
    "throughput" : 0.1459470504101112,
    "receivedKBytesPerSec" : 0.14152873150121137,
    "sentKBytesPerSec" : 0.10660975947926092
  },
  "https://opensource-demo.orangehrmlive.com/web/index.php/auth/validate-4" : {
    "transaction" : "https://opensource-demo.orangehrmlive.com/web/index.php/auth/validate-4",
    "sampleCount" : 5,
    "errorCount" : 0,
    "errorPct" : 0.0,
    "meanResTime" : 188.4,
    "medianResTime" : 190.0,
    "minResTime" : 176.0,
    "maxResTime" : 201.0,
    "pct1ResTime" : 201.0,
    "pct2ResTime" : 201.0,
    "pct3ResTime" : 201.0,
    "throughput" : 0.14635288607891347,
    "receivedKBytesPerSec" : 0.14192228112925886,
    "sentKBytesPerSec" : 0.10547698234984193
  },
  "https://opensource-demo.orangehrmlive.com/web/index.php/auth/validate-5" : {
    "transaction" : "https://opensource-demo.orangehrmlive.com/web/index.php/auth/validate-5",
    "sampleCount" : 5,
    "errorCount" : 0,
    "errorPct" : 0.0,
    "meanResTime" : 191.4,
    "medianResTime" : 190.0,
    "minResTime" : 182.0,
    "maxResTime" : 202.0,
    "pct1ResTime" : 202.0,
    "pct2ResTime" : 202.0,
    "pct3ResTime" : 202.0,
    "throughput" : 0.14635288607891347,
    "receivedKBytesPerSec" : 0.1420652038695703,
    "sentKBytesPerSec" : 0.10676328701264488
  },
  "https://opensource-demo.orangehrmlive.com/web/index.php/auth/validate-6" : {
    "transaction" : "https://opensource-demo.orangehrmlive.com/web/index.php/auth/validate-6",
    "sampleCount" : 5,
    "errorCount" : 0,
    "errorPct" : 0.0,
    "meanResTime" : 182.0,
    "medianResTime" : 179.0,
    "minResTime" : 172.0,
    "maxResTime" : 192.0,
    "pct1ResTime" : 192.0,
    "pct2ResTime" : 192.0,
    "pct3ResTime" : 192.0,
    "throughput" : 0.14635288607891347,
    "receivedKBytesPerSec" : 0.1420652038695703,
    "sentKBytesPerSec" : 0.10533405960953049
  },
  "https://opensource-demo.orangehrmlive.com/web/index.php/core/i18n/messages" : {
    "transaction" : "https://opensource-demo.orangehrmlive.com/web/index.php/core/i18n/messages",
    "sampleCount" : 15,
    "errorCount" : 0,
    "errorPct" : 0.0,
    "meanResTime" : 413.4666666666667,
    "medianResTime" : 322.0,
    "minResTime" : 280.0,
    "maxResTime" : 682.0,
    "pct1ResTime" : 655.6,
    "pct2ResTime" : 682.0,
    "pct3ResTime" : 682.0,
    "throughput" : 0.23384884010975304,
    "receivedKBytesPerSec" : 7.413952152578573,
    "sentKBytesPerSec" : 0.12948466049045895
  },
  "https://opensource-demo.orangehrmlive.com/web/index.php/leave/viewLeaveModule-2" : {
    "transaction" : "https://opensource-demo.orangehrmlive.com/web/index.php/leave/viewLeaveModule-2",
    "sampleCount" : 5,
    "errorCount" : 0,
    "errorPct" : 0.0,
    "meanResTime" : 181.6,
    "medianResTime" : 181.0,
    "minResTime" : 176.0,
    "maxResTime" : 188.0,
    "pct1ResTime" : 188.0,
    "pct2ResTime" : 188.0,
    "pct3ResTime" : 188.0,
    "throughput" : 0.1065393876116,
    "receivedKBytesPerSec" : 0.10310598937802307,
    "sentKBytesPerSec" : 0.07147710868082931
  },
  "https://opensource-demo.orangehrmlive.com/web/index.php/leave/viewLeaveModule-3" : {
    "transaction" : "https://opensource-demo.orangehrmlive.com/web/index.php/leave/viewLeaveModule-3",
    "sampleCount" : 5,
    "errorCount" : 0,
    "errorPct" : 0.0,
    "meanResTime" : 178.6,
    "medianResTime" : 178.0,
    "minResTime" : 173.0,
    "maxResTime" : 188.0,
    "pct1ResTime" : 188.0,
    "pct2ResTime" : 188.0,
    "pct3ResTime" : 188.0,
    "throughput" : 0.1065393876116,
    "receivedKBytesPerSec" : 0.10331407411945197,
    "sentKBytesPerSec" : 0.07272561712940274
  },
  "https://opensource-demo.orangehrmlive.com/web/index.php/leave/viewLeaveModule-4" : {
    "transaction" : "https://opensource-demo.orangehrmlive.com/web/index.php/leave/viewLeaveModule-4",
    "sampleCount" : 5,
    "errorCount" : 0,
    "errorPct" : 0.0,
    "meanResTime" : 179.2,
    "medianResTime" : 179.0,
    "minResTime" : 170.0,
    "maxResTime" : 188.0,
    "pct1ResTime" : 188.0,
    "pct2ResTime" : 188.0,
    "pct3ResTime" : 188.0,
    "throughput" : 0.1065393876116,
    "receivedKBytesPerSec" : 0.10331407411945197,
    "sentKBytesPerSec" : 0.07168519342225821
  },
  "http://automationpractice.com/index.php?controller=order&step=1" : {
    "transaction" : "http://automationpractice.com/index.php?controller=order&step=1",
    "sampleCount" : 6,
    "errorCount" : 0,
    "errorPct" : 0.0,
    "meanResTime" : 2527.8333333333335,
    "medianResTime" : 2591.5,
    "minResTime" : 1285.0,
    "maxResTime" : 3281.0,
    "pct1ResTime" : 3281.0,
    "pct2ResTime" : 3281.0,
    "pct3ResTime" : 3281.0,
    "throughput" : 0.2394731590500898,
    "receivedKBytesPerSec" : 2.507686215326282,
    "sentKBytesPerSec" : 1.2039138894432249
  },
  "https://opensource-demo.orangehrmlive.com/web/index.php/leave/viewLeaveModule-5" : {
    "transaction" : "https://opensource-demo.orangehrmlive.com/web/index.php/leave/viewLeaveModule-5",
    "sampleCount" : 5,
    "errorCount" : 0,
    "errorPct" : 0.0,
    "meanResTime" : 253.8,
    "medianResTime" : 182.0,
    "minResTime" : 170.0,
    "maxResTime" : 555.0,
    "pct1ResTime" : 555.0,
    "pct2ResTime" : 555.0,
    "pct3ResTime" : 555.0,
    "throughput" : 0.10571271512537528,
    "receivedKBytesPerSec" : 0.10261566292443655,
    "sentKBytesPerSec" : 0.07205808120850776
  },
  "https://opensource-demo.orangehrmlive.com/web/index.php/leave/viewLeaveModule-6" : {
    "transaction" : "https://opensource-demo.orangehrmlive.com/web/index.php/leave/viewLeaveModule-6",
    "sampleCount" : 5,
    "errorCount" : 0,
    "errorPct" : 0.0,
    "meanResTime" : 192.4,
    "medianResTime" : 180.0,
    "minResTime" : 178.0,
    "maxResTime" : 244.0,
    "pct1ResTime" : 244.0,
    "pct2ResTime" : 244.0,
    "pct3ResTime" : 244.0,
    "throughput" : 0.10641241194372911,
    "receivedKBytesPerSec" : 0.10329486081256517,
    "sentKBytesPerSec" : 0.071495839274693
  },
  "https://opensource-demo.orangehrmlive.com/web/index.php/auth/logout-1" : {
    "transaction" : "https://opensource-demo.orangehrmlive.com/web/index.php/auth/logout-1",
    "sampleCount" : 5,
    "errorCount" : 0,
    "errorPct" : 0.0,
    "meanResTime" : 317.4,
    "medianResTime" : 320.0,
    "minResTime" : 307.0,
    "maxResTime" : 322.0,
    "pct1ResTime" : 322.0,
    "pct2ResTime" : 322.0,
    "pct3ResTime" : 322.0,
    "throughput" : 0.09644503597399841,
    "receivedKBytesPerSec" : 0.40554007411801013,
    "sentKBytesPerSec" : 0.055663101817024475
  },
  "https://opensource-demo.orangehrmlive.com/web/index.php/auth/logout-2" : {
    "transaction" : "https://opensource-demo.orangehrmlive.com/web/index.php/auth/logout-2",
    "sampleCount" : 5,
    "errorCount" : 0,
    "errorPct" : 0.0,
    "meanResTime" : 461.2,
    "medianResTime" : 193.0,
    "minResTime" : 173.0,
    "maxResTime" : 964.0,
    "pct1ResTime" : 964.0,
    "pct2ResTime" : 964.0,
    "pct3ResTime" : 964.0,
    "throughput" : 0.0952653138992093,
    "receivedKBytesPerSec" : 0.09219524030675431,
    "sentKBytesPerSec" : 0.06391335024292655
  },
  "https://opensource-demo.orangehrmlive.com/web/index.php/auth/logout-0" : {
    "transaction" : "https://opensource-demo.orangehrmlive.com/web/index.php/auth/logout-0",
    "sampleCount" : 5,
    "errorCount" : 0,
    "errorPct" : 0.0,
    "meanResTime" : 256.4,
    "medianResTime" : 254.0,
    "minResTime" : 249.0,
    "maxResTime" : 269.0,
    "pct1ResTime" : 269.0,
    "pct2ResTime" : 269.0,
    "pct3ResTime" : 269.0,
    "throughput" : 0.09654559848616501,
    "receivedKBytesPerSec" : 0.15462381007549866,
    "sentKBytesPerSec" : 0.05581542412481415
  },
  "https://opensource-demo.orangehrmlive.com/web/index.php/auth/logout-5" : {
    "transaction" : "https://opensource-demo.orangehrmlive.com/web/index.php/auth/logout-5",
    "sampleCount" : 5,
    "errorCount" : 0,
    "errorPct" : 0.0,
    "meanResTime" : 408.4,
    "medianResTime" : 203.0,
    "minResTime" : 172.0,
    "maxResTime" : 979.0,
    "pct1ResTime" : 979.0,
    "pct2ResTime" : 979.0,
    "pct3ResTime" : 979.0,
    "throughput" : 0.09523809523809525,
    "receivedKBytesPerSec" : 0.09244791666666667,
    "sentKBytesPerSec" : 0.06491815476190477
  },
  "http://automationpractice.com/index.php?rand=1660912276509" : {
    "transaction" : "http://automationpractice.com/index.php?rand=1660912276509",
    "sampleCount" : 20,
    "errorCount" : 0,
    "errorPct" : 0.0,
    "meanResTime" : 1062.7,
    "medianResTime" : 1053.0,
    "minResTime" : 898.0,
    "maxResTime" : 1488.0,
    "pct1ResTime" : 1156.1000000000001,
    "pct2ResTime" : 1471.5499999999997,
    "pct3ResTime" : 1488.0,
    "throughput" : 0.5082075519642222,
    "receivedKBytesPerSec" : 5.3130518816384615,
    "sentKBytesPerSec" : 2.6115118539411495
  },
  "https://opensource-demo.orangehrmlive.com/web/index.php/auth/logout-6" : {
    "transaction" : "https://opensource-demo.orangehrmlive.com/web/index.php/auth/logout-6",
    "sampleCount" : 5,
    "errorCount" : 0,
    "errorPct" : 0.0,
    "meanResTime" : 341.8,
    "medianResTime" : 193.0,
    "minResTime" : 172.0,
    "maxResTime" : 963.0,
    "pct1ResTime" : 963.0,
    "pct2ResTime" : 963.0,
    "pct3ResTime" : 963.0,
    "throughput" : 0.0952653138992093,
    "receivedKBytesPerSec" : 0.0924743379060684,
    "sentKBytesPerSec" : 0.06400638277603125
  },
  "https://opensource-demo.orangehrmlive.com/web/index.php/api/v2/admin/subunits" : {
    "transaction" : "https://opensource-demo.orangehrmlive.com/web/index.php/api/v2/admin/subunits",
    "sampleCount" : 5,
    "errorCount" : 5,
    "errorPct" : 100.0,
    "meanResTime" : 275.2,
    "medianResTime" : 261.0,
    "minResTime" : 254.0,
    "maxResTime" : 325.0,
    "pct1ResTime" : 325.0,
    "pct2ResTime" : 325.0,
    "pct3ResTime" : 325.0,
    "throughput" : 0.14418363227406425,
    "receivedKBytesPerSec" : 0.04350853747332603,
    "sentKBytesPerSec" : 0.07490790270488494
  },
  "https://opensource-demo.orangehrmlive.com/web/index.php/auth/logout-3" : {
    "transaction" : "https://opensource-demo.orangehrmlive.com/web/index.php/auth/logout-3",
    "sampleCount" : 5,
    "errorCount" : 0,
    "errorPct" : 0.0,
    "meanResTime" : 188.6,
    "medianResTime" : 192.0,
    "minResTime" : 172.0,
    "maxResTime" : 203.0,
    "pct1ResTime" : 203.0,
    "pct2ResTime" : 203.0,
    "pct3ResTime" : 203.0,
    "throughput" : 0.09666879338012103,
    "receivedKBytesPerSec" : 0.09374229670552753,
    "sentKBytesPerSec" : 0.06598777985615684
  },
  "https://opensource-demo.orangehrmlive.com/web/index.php/auth/logout-4" : {
    "transaction" : "https://opensource-demo.orangehrmlive.com/web/index.php/auth/logout-4",
    "sampleCount" : 5,
    "errorCount" : 0,
    "errorPct" : 0.0,
    "meanResTime" : 337.2,
    "medianResTime" : 175.0,
    "minResTime" : 170.0,
    "maxResTime" : 964.0,
    "pct1ResTime" : 964.0,
    "pct2ResTime" : 964.0,
    "pct3ResTime" : 964.0,
    "throughput" : 0.0952653138992093,
    "receivedKBytesPerSec" : 0.0923813053729637,
    "sentKBytesPerSec" : 0.06409941530913595
  },
  "http://automationpractice.com/-7" : {
    "transaction" : "http://automationpractice.com/-7",
    "sampleCount" : 20,
    "errorCount" : 0,
    "errorPct" : 0.0,
    "meanResTime" : 4404.75,
    "medianResTime" : 2444.0,
    "minResTime" : 1838.0,
    "maxResTime" : 22069.0,
    "pct1ResTime" : 11810.200000000003,
    "pct2ResTime" : 21562.899999999994,
    "pct3ResTime" : 22069.0,
    "throughput" : 0.4974010793603423,
    "receivedKBytesPerSec" : 709.0044361958765,
    "sentKBytesPerSec" : 0.2909602016961377
  },
  "http://automationpractice.com/-5" : {
    "transaction" : "http://automationpractice.com/-5",
    "sampleCount" : 20,
    "errorCount" : 0,
    "errorPct" : 0.0,
    "meanResTime" : 2363.2999999999997,
    "medianResTime" : 1888.5,
    "minResTime" : 1216.0,
    "maxResTime" : 5690.0,
    "pct1ResTime" : 5337.900000000003,
    "pct2ResTime" : 5679.9,
    "pct3ResTime" : 5690.0,
    "throughput" : 0.8392077878482712,
    "receivedKBytesPerSec" : 400.8716943080732,
    "sentKBytesPerSec" : 0.492542852047667
  },
  "http://automationpractice.com/-6" : {
    "transaction" : "http://automationpractice.com/-6",
    "sampleCount" : 20,
    "errorCount" : 0,
    "errorPct" : 0.0,
    "meanResTime" : 3052.5499999999997,
    "medianResTime" : 2417.0,
    "minResTime" : 1449.0,
    "maxResTime" : 10857.0,
    "pct1ResTime" : 8593.60000000001,
    "pct2ResTime" : 10763.8,
    "pct3ResTime" : 10857.0,
    "throughput" : 0.689678954446705,
    "receivedKBytesPerSec" : 781.5955129918274,
    "sentKBytesPerSec" : 0.410170393806683
  },
  "https://opensource-demo.orangehrmlive.com/web/index.php/api/v2/admin/job-titles" : {
    "transaction" : "https://opensource-demo.orangehrmlive.com/web/index.php/api/v2/admin/job-titles",
    "sampleCount" : 5,
    "errorCount" : 5,
    "errorPct" : 100.0,
    "meanResTime" : 287.8,
    "medianResTime" : 256.0,
    "minResTime" : 253.0,
    "maxResTime" : 394.0,
    "pct1ResTime" : 394.0,
    "pct2ResTime" : 394.0,
    "pct3ResTime" : 394.0,
    "throughput" : 0.1444794405756061,
    "receivedKBytesPerSec" : 0.043597799939318636,
    "sentKBytesPerSec" : 0.07534377076891959
  },
  "https://opensource-demo.orangehrmlive.com/web/index.php/leave/viewLeaveModule-0" : {
    "transaction" : "https://opensource-demo.orangehrmlive.com/web/index.php/leave/viewLeaveModule-0",
    "sampleCount" : 5,
    "errorCount" : 0,
    "errorPct" : 0.0,
    "meanResTime" : 290.6,
    "medianResTime" : 266.0,
    "minResTime" : 254.0,
    "maxResTime" : 399.0,
    "pct1ResTime" : 399.0,
    "pct2ResTime" : 399.0,
    "pct3ResTime" : 399.0,
    "throughput" : 0.10660071635681392,
    "receivedKBytesPerSec" : 0.17072770979020976,
    "sentKBytesPerSec" : 0.06266956176445505
  },
  "https://opensource-demo.orangehrmlive.com/web/index.php/leave/viewLeaveModule-1" : {
    "transaction" : "https://opensource-demo.orangehrmlive.com/web/index.php/leave/viewLeaveModule-1",
    "sampleCount" : 5,
    "errorCount" : 0,
    "errorPct" : 0.0,
    "meanResTime" : 357.8,
    "medianResTime" : 332.0,
    "minResTime" : 313.0,
    "maxResTime" : 421.0,
    "pct1ResTime" : 421.0,
    "pct2ResTime" : 421.0,
    "pct3ResTime" : 421.0,
    "throughput" : 0.1062541173470472,
    "receivedKBytesPerSec" : 0.4471596614212551,
    "sentKBytesPerSec" : 0.06132439780478993
  },
  "http://automationpractice.com/-0" : {
    "transaction" : "http://automationpractice.com/-0",
    "sampleCount" : 20,
    "errorCount" : 0,
    "errorPct" : 0.0,
    "meanResTime" : 405.15000000000003,
    "medianResTime" : 357.5,
    "minResTime" : 334.0,
    "maxResTime" : 569.0,
    "pct1ResTime" : 535.6,
    "pct2ResTime" : 567.4499999999999,
    "pct3ResTime" : 569.0,
    "throughput" : 1.0345541071798054,
    "receivedKBytesPerSec" : 0.3758341092489137,
    "sentKBytesPerSec" : 0.5203079738257811
  },
  "http://automationpractice.com/-3" : {
    "transaction" : "http://automationpractice.com/-3",
    "sampleCount" : 20,
    "errorCount" : 0,
    "errorPct" : 0.0,
    "meanResTime" : 537.75,
    "medianResTime" : 520.5,
    "minResTime" : 178.0,
    "maxResTime" : 1605.0,
    "pct1ResTime" : 822.3000000000001,
    "pct2ResTime" : 1565.9499999999994,
    "pct3ResTime" : 1605.0,
    "throughput" : 1.0128120727199068,
    "receivedKBytesPerSec" : 1.655710361067504,
    "sentKBytesPerSec" : 0.594433648149086
  },
  "http://automationpractice.com/-4" : {
    "transaction" : "http://automationpractice.com/-4",
    "sampleCount" : 20,
    "errorCount" : 0,
    "errorPct" : 0.0,
    "meanResTime" : 2864.15,
    "medianResTime" : 2031.0,
    "minResTime" : 1133.0,
    "maxResTime" : 13316.0,
    "pct1ResTime" : 6564.100000000006,
    "pct2ResTime" : 12993.349999999995,
    "pct3ResTime" : 13316.0,
    "throughput" : 0.6357683260219976,
    "receivedKBytesPerSec" : 324.2790983215716,
    "sentKBytesPerSec" : 0.37935004609320366
  },
  "http://automationpractice.com/-1" : {
    "transaction" : "http://automationpractice.com/-1",
    "sampleCount" : 20,
    "errorCount" : 0,
    "errorPct" : 0.0,
    "meanResTime" : 894.5,
    "medianResTime" : 875.5,
    "minResTime" : 694.0,
    "maxResTime" : 1227.0,
    "pct1ResTime" : 1206.6000000000001,
    "pct2ResTime" : 1226.4,
    "pct3ResTime" : 1227.0,
    "throughput" : 1.0240131073677743,
    "receivedKBytesPerSec" : 1.0540134913726897,
    "sentKBytesPerSec" : 0.5150065920843787
  },
  "http://automationpractice.com/-2" : {
    "transaction" : "http://automationpractice.com/-2",
    "sampleCount" : 20,
    "errorCount" : 0,
    "errorPct" : 0.0,
    "meanResTime" : 801.15,
    "medianResTime" : 719.5,
    "minResTime" : 644.0,
    "maxResTime" : 1660.0,
    "pct1ResTime" : 1019.2000000000003,
    "pct2ResTime" : 1628.4499999999996,
    "pct3ResTime" : 1660.0,
    "throughput" : 1.0429159931167544,
    "receivedKBytesPerSec" : 4.489529286384732,
    "sentKBytesPerSec" : 0.5489567580956354
  },
  "https://opensource-demo.orangehrmlive.com/" : {
    "transaction" : "https://opensource-demo.orangehrmlive.com/",
    "sampleCount" : 5,
    "errorCount" : 0,
    "errorPct" : 0.0,
    "meanResTime" : 9354.8,
    "medianResTime" : 9579.0,
    "minResTime" : 7658.0,
    "maxResTime" : 11086.0,
    "pct1ResTime" : 11086.0,
    "pct2ResTime" : 11086.0,
    "pct3ResTime" : 11086.0,
    "throughput" : 0.43293791670274484,
    "receivedKBytesPerSec" : 1538.4014240951599,
    "sentKBytesPerSec" : 1.7228730571910988
  },
  "https://opensource-demo.orangehrmlive.com/web/index.php/api/v2/pim/employees?limit=50&offset=0&model=detailed&includeEmployees=onlyCurrent&sortField=employee.firstName&sortOrder=ASC" : {
    "transaction" : "https://opensource-demo.orangehrmlive.com/web/index.php/api/v2/pim/employees?limit=50&offset=0&model=detailed&includeEmployees=onlyCurrent&sortField=employee.firstName&sortOrder=ASC",
    "sampleCount" : 5,
    "errorCount" : 5,
    "errorPct" : 100.0,
    "meanResTime" : 288.0,
    "medianResTime" : 260.0,
    "minResTime" : 248.0,
    "maxResTime" : 351.0,
    "pct1ResTime" : 351.0,
    "pct2ResTime" : 351.0,
    "pct3ResTime" : 351.0,
    "throughput" : 0.14536574020234913,
    "receivedKBytesPerSec" : 0.04386524777590418,
    "sentKBytesPerSec" : 0.09028575270380276
  },
  "https://opensource-demo.orangehrmlive.com/web/index.php/api/v2/leave/employees/leave-requests?limit=50&offset=0&fromDate=2022-01-01&toDate=2023-05-19&includeEmployees=onlyCurrent&statuses[]=3" : {
    "transaction" : "https://opensource-demo.orangehrmlive.com/web/index.php/api/v2/leave/employees/leave-requests?limit=50&offset=0&fromDate=2022-01-01&toDate=2023-05-19&includeEmployees=onlyCurrent&statuses[]=3",
    "sampleCount" : 5,
    "errorCount" : 5,
    "errorPct" : 100.0,
    "meanResTime" : 276.0,
    "medianResTime" : 267.0,
    "minResTime" : 250.0,
    "maxResTime" : 332.0,
    "pct1ResTime" : 332.0,
    "pct2ResTime" : 332.0,
    "pct3ResTime" : 332.0,
    "throughput" : 0.10569930661254862,
    "receivedKBytesPerSec" : 0.03189559154616946,
    "sentKBytesPerSec" : 0.06709428642398106
  },
  "AutomationPractice-AddToCart" : {
    "transaction" : "AutomationPractice-AddToCart",
    "sampleCount" : 20,
    "errorCount" : 0,
    "errorPct" : 0.0,
    "meanResTime" : 1062.7,
    "medianResTime" : 1053.0,
    "minResTime" : 898.0,
    "maxResTime" : 1488.0,
    "pct1ResTime" : 1156.1000000000001,
    "pct2ResTime" : 1471.5499999999997,
    "pct3ResTime" : 1488.0,
    "throughput" : 0.5081946385465633,
    "receivedKBytesPerSec" : 5.312916878414433,
    "sentKBytesPerSec" : 2.611445496125016
  },
  "AutomationPractice-SearchDress" : {
    "transaction" : "AutomationPractice-SearchDress",
    "sampleCount" : 20,
    "errorCount" : 20,
    "errorPct" : 100.0,
    "meanResTime" : 1127.8500000000001,
    "medianResTime" : 1049.5,
    "minResTime" : 865.0,
    "maxResTime" : 2543.0,
    "pct1ResTime" : 1232.5,
    "pct2ResTime" : 2477.649999999999,
    "pct3ResTime" : 2543.0,
    "throughput" : 0.550812448361333,
    "receivedKBytesPerSec" : 6.460696519553841,
    "sentKBytesPerSec" : 2.8304444367942714
  },
  "https://opensource-demo.orangehrmlive.com/web/index.php/api/v2/leave/leave-types" : {
    "transaction" : "https://opensource-demo.orangehrmlive.com/web/index.php/api/v2/leave/leave-types",
    "sampleCount" : 5,
    "errorCount" : 5,
    "errorPct" : 100.0,
    "meanResTime" : 276.0,
    "medianResTime" : 253.0,
    "minResTime" : 243.0,
    "maxResTime" : 376.0,
    "pct1ResTime" : 376.0,
    "pct2ResTime" : 376.0,
    "pct3ResTime" : 376.0,
    "throughput" : 0.10573059843518715,
    "receivedKBytesPerSec" : 0.031905034098118,
    "sentKBytesPerSec" : 0.05524010758088391
  },
  "http://automationpractice.com/index.php?rand=1660912276509-1" : {
    "transaction" : "http://automationpractice.com/index.php?rand=1660912276509-1",
    "sampleCount" : 20,
    "errorCount" : 0,
    "errorPct" : 0.0,
    "meanResTime" : 217.35,
    "medianResTime" : 202.0,
    "minResTime" : 171.0,
    "maxResTime" : 362.0,
    "pct1ResTime" : 271.1,
    "pct2ResTime" : 357.49999999999994,
    "pct3ResTime" : 362.0,
    "throughput" : 0.518887505188875,
    "receivedKBytesPerSec" : 0.5340892875674554,
    "sentKBytesPerSec" : 0.2675513698630137
  },
  "http://automationpractice.com/index.php?rand=1660912276509-0" : {
    "transaction" : "http://automationpractice.com/index.php?rand=1660912276509-0",
    "sampleCount" : 20,
    "errorCount" : 0,
    "errorPct" : 0.0,
    "meanResTime" : 194.04999999999998,
    "medianResTime" : 176.0,
    "minResTime" : 168.0,
    "maxResTime" : 272.0,
    "pct1ResTime" : 249.4,
    "pct2ResTime" : 270.9,
    "pct3ResTime" : 272.0,
    "throughput" : 0.5189009677503049,
    "receivedKBytesPerSec" : 0.19306764522740835,
    "sentKBytesPerSec" : 0.3334344109176764
  },
  "https://opensource-demo.orangehrmlive.com/web/index.php/api/v2/leave/leave-periods" : {
    "transaction" : "https://opensource-demo.orangehrmlive.com/web/index.php/api/v2/leave/leave-periods",
    "sampleCount" : 5,
    "errorCount" : 5,
    "errorPct" : 100.0,
    "meanResTime" : 257.6,
    "medianResTime" : 251.0,
    "minResTime" : 243.0,
    "maxResTime" : 285.0,
    "pct1ResTime" : 285.0,
    "pct2ResTime" : 285.0,
    "pct3ResTime" : 285.0,
    "throughput" : 0.10561892691170258,
    "receivedKBytesPerSec" : 0.03187133634347275,
    "sentKBytesPerSec" : 0.04899315457329953
  },
  "https://opensource-demo.orangehrmlive.com/web/index.php/api/v2/leave/workweek?model=indexed" : {
    "transaction" : "https://opensource-demo.orangehrmlive.com/web/index.php/api/v2/leave/workweek?model=indexed",
    "sampleCount" : 10,
    "errorCount" : 10,
    "errorPct" : 100.0,
    "meanResTime" : 289.2,
    "medianResTime" : 253.5,
    "minResTime" : 244.0,
    "maxResTime" : 497.0,
    "pct1ResTime" : 481.80000000000007,
    "pct2ResTime" : 497.0,
    "pct3ResTime" : 497.0,
    "throughput" : 0.2091437654243527,
    "receivedKBytesPerSec" : 0.0631107651524658,
    "sentKBytesPerSec" : 0.09885310787635421
  },
  "http://automationpractice.com/index.php?rand=1660912276509-3" : {
    "transaction" : "http://automationpractice.com/index.php?rand=1660912276509-3",
    "sampleCount" : 20,
    "errorCount" : 0,
    "errorPct" : 0.0,
    "meanResTime" : 210.30000000000004,
    "medianResTime" : 198.5,
    "minResTime" : 163.0,
    "maxResTime" : 278.0,
    "pct1ResTime" : 262.1,
    "pct2ResTime" : 277.25,
    "pct3ResTime" : 278.0,
    "throughput" : 0.5186856505614773,
    "receivedKBytesPerSec" : 0.5019701950258046,
    "sentKBytesPerSec" : 0.35001150833787187
  },
  "http://automationpractice.com/index.php?rand=1660912276509-2" : {
    "transaction" : "http://automationpractice.com/index.php?rand=1660912276509-2",
    "sampleCount" : 20,
    "errorCount" : 0,
    "errorPct" : 0.0,
    "meanResTime" : 397.65,
    "medianResTime" : 390.0,
    "minResTime" : 311.0,
    "maxResTime" : 657.0,
    "pct1ResTime" : 446.8,
    "pct2ResTime" : 646.5499999999998,
    "pct3ResTime" : 657.0,
    "throughput" : 0.5160091849634924,
    "receivedKBytesPerSec" : 2.169556586857246,
    "sentKBytesPerSec" : 0.29982955571609177
  },
  "http://automationpractice.com/index.php?rand=1660912276509-5" : {
    "transaction" : "http://automationpractice.com/index.php?rand=1660912276509-5",
    "sampleCount" : 20,
    "errorCount" : 0,
    "errorPct" : 0.0,
    "meanResTime" : 214.84999999999997,
    "medianResTime" : 228.0,
    "minResTime" : 164.0,
    "maxResTime" : 278.0,
    "pct1ResTime" : 261.6,
    "pct2ResTime" : 277.2,
    "pct3ResTime" : 278.0,
    "throughput" : 0.5186856505614773,
    "receivedKBytesPerSec" : 0.5029832529370575,
    "sentKBytesPerSec" : 0.35102456624912476
  },
  "http://automationpractice.com/index.php?rand=1660912276509-4" : {
    "transaction" : "http://automationpractice.com/index.php?rand=1660912276509-4",
    "sampleCount" : 20,
    "errorCount" : 0,
    "errorPct" : 0.0,
    "meanResTime" : 226.2,
    "medianResTime" : 244.5,
    "minResTime" : 166.0,
    "maxResTime" : 278.0,
    "pct1ResTime" : 261.40000000000003,
    "pct2ResTime" : 277.2,
    "pct3ResTime" : 278.0,
    "throughput" : 0.5186721991701245,
    "receivedKBytesPerSec" : 0.5029702087655601,
    "sentKBytesPerSec" : 0.3560806211099585
  },
  "http://automationpractice.com/index.php?controller=order" : {
    "transaction" : "http://automationpractice.com/index.php?controller=order",
    "sampleCount" : 9,
    "errorCount" : 0,
    "errorPct" : 0.0,
    "meanResTime" : 1929.3333333333333,
    "medianResTime" : 1141.0,
    "minResTime" : 962.0,
    "maxResTime" : 3127.0,
    "pct1ResTime" : 3127.0,
    "pct2ResTime" : 3127.0,
    "pct3ResTime" : 3127.0,
    "throughput" : 0.2931023252784472,
    "receivedKBytesPerSec" : 3.067429054989253,
    "sentKBytesPerSec" : 1.4695188847456524
  },
  "http://automationpractice.com/index.php?rand=1660912276509-7" : {
    "transaction" : "http://automationpractice.com/index.php?rand=1660912276509-7",
    "sampleCount" : 20,
    "errorCount" : 0,
    "errorPct" : 0.0,
    "meanResTime" : 220.79999999999995,
    "medianResTime" : 208.0,
    "minResTime" : 166.0,
    "maxResTime" : 348.0,
    "pct1ResTime" : 290.6,
    "pct2ResTime" : 345.19999999999993,
    "pct3ResTime" : 348.0,
    "throughput" : 0.5193051696829641,
    "receivedKBytesPerSec" : 0.5040911510399086,
    "sentKBytesPerSec" : 0.35093669669981564
  },
  "http://automationpractice.com/index.php?rand=1660912276509-6" : {
    "transaction" : "http://automationpractice.com/index.php?rand=1660912276509-6",
    "sampleCount" : 20,
    "errorCount" : 0,
    "errorPct" : 0.0,
    "meanResTime" : 217.75000000000003,
    "medianResTime" : 223.0,
    "minResTime" : 158.0,
    "maxResTime" : 292.0,
    "pct1ResTime" : 276.50000000000006,
    "pct2ResTime" : 291.3,
    "pct3ResTime" : 292.0,
    "throughput" : 0.5186721991701245,
    "receivedKBytesPerSec" : 0.5034767245850622,
    "sentKBytesPerSec" : 0.3555741052904564
  },
  "http://automationpractice.com/index.php?controller=order&step=1-7" : {
    "transaction" : "http://automationpractice.com/index.php?controller=order&step=1-7",
    "sampleCount" : 6,
    "errorCount" : 0,
    "errorPct" : 0.0,
    "meanResTime" : 502.66666666666663,
    "medianResTime" : 621.5,
    "minResTime" : 209.0,
    "maxResTime" : 706.0,
    "pct1ResTime" : 706.0,
    "pct2ResTime" : 706.0,
    "pct3ResTime" : 706.0,
    "throughput" : 0.2557653778933458,
    "receivedKBytesPerSec" : 0.24827225158787672,
    "sentKBytesPerSec" : 0.17184236327209174
  },
  "OrangeHRM-Logout" : {
    "transaction" : "OrangeHRM-Logout",
    "sampleCount" : 5,
    "errorCount" : 0,
    "errorPct" : 0.0,
    "meanResTime" : 1443.8,
    "medianResTime" : 1361.0,
    "minResTime" : 1058.0,
    "maxResTime" : 2001.0,
    "pct1ResTime" : 2001.0,
    "pct2ResTime" : 2001.0,
    "pct3ResTime" : 2001.0,
    "throughput" : 0.10196382323551603,
    "receivedKBytesPerSec" : 1.1911843990252258,
    "sentKBytesPerSec" : 0.5209714093439648
  },
  "http://automationpractice.com/index.php?controller=order&step=1-2" : {
    "transaction" : "http://automationpractice.com/index.php?controller=order&step=1-2",
    "sampleCount" : 6,
    "errorCount" : 0,
    "errorPct" : 0.0,
    "meanResTime" : 743.0,
    "medianResTime" : 713.5,
    "minResTime" : 357.0,
    "maxResTime" : 1397.0,
    "pct1ResTime" : 1397.0,
    "pct2ResTime" : 1397.0,
    "pct3ResTime" : 1397.0,
    "throughput" : 0.25417266796577137,
    "receivedKBytesPerSec" : 1.0670784175633312,
    "sentKBytesPerSec" : 0.14669535817165127
  },
  "http://automationpractice.com/index.php?controller=order&step=1-1" : {
    "transaction" : "http://automationpractice.com/index.php?controller=order&step=1-1",
    "sampleCount" : 6,
    "errorCount" : 0,
    "errorPct" : 0.0,
    "meanResTime" : 757.3333333333334,
    "medianResTime" : 714.0,
    "minResTime" : 356.0,
    "maxResTime" : 1333.0,
    "pct1ResTime" : 1333.0,
    "pct2ResTime" : 1333.0,
    "pct3ResTime" : 1333.0,
    "throughput" : 0.2501563477173233,
    "receivedKBytesPerSec" : 0.2574851469668543,
    "sentKBytesPerSec" : 0.13387273295809882
  },
  "http://automationpractice.com/index.php?controller=order&step=1-0" : {
    "transaction" : "http://automationpractice.com/index.php?controller=order&step=1-0",
    "sampleCount" : 6,
    "errorCount" : 0,
    "errorPct" : 0.0,
    "meanResTime" : 398.1666666666667,
    "medianResTime" : 376.5,
    "minResTime" : 255.0,
    "maxResTime" : 550.0,
    "pct1ResTime" : 550.0,
    "pct2ResTime" : 550.0,
    "pct3ResTime" : 550.0,
    "throughput" : 0.24973985431841833,
    "receivedKBytesPerSec" : 0.0987740634755463,
    "sentKBytesPerSec" : 0.13364984391259105
  },
  "http://automationpractice.com/index.php?controller=order&step=1-6" : {
    "transaction" : "http://automationpractice.com/index.php?controller=order&step=1-6",
    "sampleCount" : 6,
    "errorCount" : 0,
    "errorPct" : 0.0,
    "meanResTime" : 540.5,
    "medianResTime" : 659.5,
    "minResTime" : 165.0,
    "maxResTime" : 788.0,
    "pct1ResTime" : 788.0,
    "pct2ResTime" : 788.0,
    "pct3ResTime" : 788.0,
    "throughput" : 0.2557653778933458,
    "receivedKBytesPerSec" : 0.24827225158787672,
    "sentKBytesPerSec" : 0.17434007204058144
  },
  "http://automationpractice.com/index.php?controller=order&step=1-5" : {
    "transaction" : "http://automationpractice.com/index.php?controller=order&step=1-5",
    "sampleCount" : 6,
    "errorCount" : 0,
    "errorPct" : 0.0,
    "meanResTime" : 500.33333333333337,
    "medianResTime" : 614.5,
    "minResTime" : 209.0,
    "maxResTime" : 706.0,
    "pct1ResTime" : 706.0,
    "pct2ResTime" : 706.0,
    "pct3ResTime" : 706.0,
    "throughput" : 0.2557653778933458,
    "receivedKBytesPerSec" : 0.24802248071102775,
    "sentKBytesPerSec" : 0.1720921341489407
  },
  "http://automationpractice.com/index.php?controller=order&step=1-4" : {
    "transaction" : "http://automationpractice.com/index.php?controller=order&step=1-4",
    "sampleCount" : 6,
    "errorCount" : 0,
    "errorPct" : 0.0,
    "meanResTime" : 347.8333333333333,
    "medianResTime" : 242.0,
    "minResTime" : 185.0,
    "maxResTime" : 630.0,
    "pct1ResTime" : 630.0,
    "pct2ResTime" : 630.0,
    "pct3ResTime" : 630.0,
    "throughput" : 0.2551454328967511,
    "receivedKBytesPerSec" : 0.24742130358054093,
    "sentKBytesPerSec" : 0.17416665780745025
  },
  "http://automationpractice.com/index.php?controller=search&orderby=position&orderway=desc&search_query=Top&submit_search=" : {
    "transaction" : "http://automationpractice.com/index.php?controller=search&orderby=position&orderway=desc&search_query=Top&submit_search=",
    "sampleCount" : 20,
    "errorCount" : 0,
    "errorPct" : 0.0,
    "meanResTime" : 1127.8000000000002,
    "medianResTime" : 1049.5,
    "minResTime" : 865.0,
    "maxResTime" : 2543.0,
    "pct1ResTime" : 1231.6000000000001,
    "pct2ResTime" : 2477.599999999999,
    "pct3ResTime" : 2543.0,
    "throughput" : 0.5054461826177058,
    "receivedKBytesPerSec" : 5.322930750713942,
    "sentKBytesPerSec" : 2.5973220829437182
  },
  "http://automationpractice.com/index.php?controller=order&step=1-3" : {
    "transaction" : "http://automationpractice.com/index.php?controller=order&step=1-3",
    "sampleCount" : 6,
    "errorCount" : 0,
    "errorPct" : 0.0,
    "meanResTime" : 440.5,
    "medianResTime" : 435.0,
    "minResTime" : 209.0,
    "maxResTime" : 706.0,
    "pct1ResTime" : 706.0,
    "pct2ResTime" : 706.0,
    "pct3ResTime" : 706.0,
    "throughput" : 0.2557653778933458,
    "receivedKBytesPerSec" : 0.24752293895732982,
    "sentKBytesPerSec" : 0.17159259239524277
  },
  "AutomationPractice-ProceedCheckout" : {
    "transaction" : "AutomationPractice-ProceedCheckout",
    "sampleCount" : 9,
    "errorCount" : 0,
    "errorPct" : 0.0,
    "meanResTime" : 3614.5555555555557,
    "medianResTime" : 3572.0,
    "minResTime" : 3073.0,
    "maxResTime" : 4243.0,
    "pct1ResTime" : 4243.0,
    "pct2ResTime" : 4243.0,
    "pct3ResTime" : 4243.0,
    "throughput" : 0.21421430951587567,
    "receivedKBytesPerSec" : 3.7372912526181747,
    "sentKBytesPerSec" : 1.7919529055790926
  },
  "https://opensource-demo.orangehrmlive.com/web/index.php/api/v2/admin/employment-statuses" : {
    "transaction" : "https://opensource-demo.orangehrmlive.com/web/index.php/api/v2/admin/employment-statuses",
    "sampleCount" : 5,
    "errorCount" : 5,
    "errorPct" : 100.0,
    "meanResTime" : 272.0,
    "medianResTime" : 271.0,
    "minResTime" : 247.0,
    "maxResTime" : 316.0,
    "pct1ResTime" : 316.0,
    "pct2ResTime" : 316.0,
    "pct3ResTime" : 316.0,
    "throughput" : 0.14508734258023329,
    "receivedKBytesPerSec" : 0.043781239118449305,
    "sentKBytesPerSec" : 0.07693596388776043
  },
  "http://automationpractice.com/index.php?controller=search&q=top&limit=10&timestamp=1660912194361&ajaxSearch=1&id_lang=1" : {
    "transaction" : "http://automationpractice.com/index.php?controller=search&q=top&limit=10&timestamp=1660912194361&ajaxSearch=1&id_lang=1",
    "sampleCount" : 20,
    "errorCount" : 20,
    "errorPct" : 100.0,
    "meanResTime" : 0.0,
    "medianResTime" : 0.0,
    "minResTime" : 0.0,
    "maxResTime" : 0.0,
    "pct1ResTime" : 0.0,
    "pct2ResTime" : 0.0,
    "pct3ResTime" : 0.0,
    "throughput" : 0.5702392153508397,
    "receivedKBytesPerSec" : 0.6832846848002737,
    "sentKBytesPerSec" : 0.0
  },
  "https://opensource-demo.orangehrmlive.com/web/index.php/leave/viewLeaveModule" : {
    "transaction" : "https://opensource-demo.orangehrmlive.com/web/index.php/leave/viewLeaveModule",
    "sampleCount" : 5,
    "errorCount" : 0,
    "errorPct" : 0.0,
    "meanResTime" : 908.2,
    "medianResTime" : 793.0,
    "minResTime" : 757.0,
    "maxResTime" : 1377.0,
    "pct1ResTime" : 1377.0,
    "pct2ResTime" : 1377.0,
    "pct3ResTime" : 1377.0,
    "throughput" : 0.10442337412806484,
    "receivedKBytesPerSec" : 1.1130063228353035,
    "sentKBytesPerSec" : 0.4745960773359509
  },
  "https://opensource-demo.orangehrmlive.com/web/index.php/auth/logout" : {
    "transaction" : "https://opensource-demo.orangehrmlive.com/web/index.php/auth/logout",
    "sampleCount" : 5,
    "errorCount" : 0,
    "errorPct" : 0.0,
    "meanResTime" : 1104.4,
    "medianResTime" : 1071.0,
    "minResTime" : 755.0,
    "maxResTime" : 1557.0,
    "pct1ResTime" : 1557.0,
    "pct2ResTime" : 1557.0,
    "pct3ResTime" : 1557.0,
    "throughput" : 0.09420276202498258,
    "receivedKBytesPerSec" : 1.0037377889669725,
    "sentKBytesPerSec" : 0.4272242449648624
  },
  "-OrangeHRM-Login" : {
    "transaction" : "-OrangeHRM-Login",
    "sampleCount" : 5,
    "errorCount" : 5,
    "errorPct" : 100.0,
    "meanResTime" : 2638.4,
    "medianResTime" : 2614.0,
    "minResTime" : 2324.0,
    "maxResTime" : 3220.0,
    "pct1ResTime" : 3220.0,
    "pct2ResTime" : 3220.0,
    "pct3ResTime" : 3220.0,
    "throughput" : 0.7768800497203232,
    "receivedKBytesPerSec" : 81.61352523889062,
    "sentKBytesPerSec" : 5.943435849129894
  },
  "http://automationpractice.com/" : {
    "transaction" : "http://automationpractice.com/",
    "sampleCount" : 20,
    "errorCount" : 0,
    "errorPct" : 0.0,
    "meanResTime" : 7040.550000000001,
    "medianResTime" : 4704.5,
    "minResTime" : 3975.0,
    "maxResTime" : 24009.0,
    "pct1ResTime" : 13991.7,
    "pct2ResTime" : 23511.549999999996,
    "pct3ResTime" : 24009.0,
    "throughput" : 0.46504057479015043,
    "receivedKBytesPerSec" : 1652.6434377688518,
    "sentKBytesPerSec" : 2.084508045201944
  },
  "AutomationPractice-Login" : {
    "transaction" : "AutomationPractice-Login",
    "sampleCount" : 6,
    "errorCount" : 0,
    "errorPct" : 0.0,
    "meanResTime" : 0.0,
    "medianResTime" : 0.0,
    "minResTime" : 0.0,
    "maxResTime" : 0.0,
    "pct1ResTime" : 0.0,
    "pct2ResTime" : 0.0,
    "pct3ResTime" : 0.0,
    "throughput" : 0.26400316803801643,
    "receivedKBytesPerSec" : 0.0,
    "sentKBytesPerSec" : 0.0
  },
  "http://automationpractice.com/index.php?controller=search&orderby=position&orderway=desc&search_query=Top&submit_search=-4" : {
    "transaction" : "http://automationpractice.com/index.php?controller=search&orderby=position&orderway=desc&search_query=Top&submit_search=-4",
    "sampleCount" : 20,
    "errorCount" : 0,
    "errorPct" : 0.0,
    "meanResTime" : 214.25,
    "medianResTime" : 188.0,
    "minResTime" : 168.0,
    "maxResTime" : 308.0,
    "pct1ResTime" : 286.70000000000005,
    "pct2ResTime" : 307.0,
    "pct3ResTime" : 308.0,
    "throughput" : 0.5181212921945028,
    "receivedKBytesPerSec" : 0.5024359796378333,
    "sentKBytesPerSec" : 0.35367849926167716
  },
  "https://opensource-demo.orangehrmlive.com/-6" : {
    "transaction" : "https://opensource-demo.orangehrmlive.com/-6",
    "sampleCount" : 5,
    "errorCount" : 0,
    "errorPct" : 0.0,
    "meanResTime" : 4412.2,
    "medianResTime" : 4258.0,
    "minResTime" : 2872.0,
    "maxResTime" : 5965.0,
    "pct1ResTime" : 5965.0,
    "pct2ResTime" : 5965.0,
    "pct3ResTime" : 5965.0,
    "throughput" : 0.8369601606963508,
    "receivedKBytesPerSec" : 1193.018052184466,
    "sentKBytesPerSec" : 0.48958900025108804
  },
  "http://automationpractice.com/index.php?controller=search&orderby=position&orderway=desc&search_query=Top&submit_search=-5" : {
    "transaction" : "http://automationpractice.com/index.php?controller=search&orderby=position&orderway=desc&search_query=Top&submit_search=-5",
    "sampleCount" : 20,
    "errorCount" : 0,
    "errorPct" : 0.0,
    "meanResTime" : 225.90000000000003,
    "medianResTime" : 229.5,
    "minResTime" : 165.0,
    "maxResTime" : 301.0,
    "pct1ResTime" : 273.6,
    "pct2ResTime" : 299.7,
    "pct3ResTime" : 301.0,
    "throughput" : 0.5179066214361551,
    "receivedKBytesPerSec" : 0.5022278077012715,
    "sentKBytesPerSec" : 0.34847427946241294
  },
  "https://opensource-demo.orangehrmlive.com/-5" : {
    "transaction" : "https://opensource-demo.orangehrmlive.com/-5",
    "sampleCount" : 5,
    "errorCount" : 0,
    "errorPct" : 0.0,
    "meanResTime" : 4432.4,
    "medianResTime" : 4141.0,
    "minResTime" : 1964.0,
    "maxResTime" : 7365.0,
    "pct1ResTime" : 7365.0,
    "pct2ResTime" : 7365.0,
    "pct3ResTime" : 7365.0,
    "throughput" : 0.6784260515603798,
    "receivedKBytesPerSec" : 768.8428860668249,
    "sentKBytesPerSec" : 0.4034779935549525
  },
  "http://automationpractice.com/index.php?controller=search&orderby=position&orderway=desc&search_query=Top&submit_search=-6" : {
    "transaction" : "http://automationpractice.com/index.php?controller=search&orderby=position&orderway=desc&search_query=Top&submit_search=-6",
    "sampleCount" : 20,
    "errorCount" : 0,
    "errorPct" : 0.0,
    "meanResTime" : 259.65,
    "medianResTime" : 245.0,
    "minResTime" : 168.0,
    "maxResTime" : 898.0,
    "pct1ResTime" : 274.1,
    "pct2ResTime" : 866.8499999999996,
    "pct3ResTime" : 898.0,
    "throughput" : 0.518094448617983,
    "receivedKBytesPerSec" : 0.5029159003186281,
    "sentKBytesPerSec" : 0.35315422376499234
  },
  "https://opensource-demo.orangehrmlive.com/-4" : {
    "transaction" : "https://opensource-demo.orangehrmlive.com/-4",
    "sampleCount" : 5,
    "errorCount" : 0,
    "errorPct" : 0.0,
    "meanResTime" : 2518.2,
    "medianResTime" : 2577.0,
    "minResTime" : 1200.0,
    "maxResTime" : 3239.0,
    "pct1ResTime" : 3239.0,
    "pct2ResTime" : 3239.0,
    "pct3ResTime" : 3239.0,
    "throughput" : 1.538935056940597,
    "receivedKBytesPerSec" : 735.1165142159126,
    "sentKBytesPerSec" : 0.9032226261926747
  },
  "http://automationpractice.com/index.php?controller=search&orderby=position&orderway=desc&search_query=Top&submit_search=-7" : {
    "transaction" : "http://automationpractice.com/index.php?controller=search&orderby=position&orderway=desc&search_query=Top&submit_search=-7",
    "sampleCount" : 20,
    "errorCount" : 0,
    "errorPct" : 0.0,
    "meanResTime" : 225.95,
    "medianResTime" : 240.0,
    "minResTime" : 161.0,
    "maxResTime" : 308.0,
    "pct1ResTime" : 274.1,
    "pct2ResTime" : 306.34999999999997,
    "pct3ResTime" : 308.0,
    "throughput" : 0.5189817577912136,
    "receivedKBytesPerSec" : 0.5037772141059242,
    "sentKBytesPerSec" : 0.3486908685159717
  },
  "https://opensource-demo.orangehrmlive.com/-3" : {
    "transaction" : "https://opensource-demo.orangehrmlive.com/-3",
    "sampleCount" : 5,
    "errorCount" : 0,
    "errorPct" : 0.0,
    "meanResTime" : 2450.4,
    "medianResTime" : 2484.0,
    "minResTime" : 1173.0,
    "maxResTime" : 3304.0,
    "pct1ResTime" : 3304.0,
    "pct2ResTime" : 3304.0,
    "pct3ResTime" : 3304.0,
    "throughput" : 1.5119443604475356,
    "receivedKBytesPerSec" : 771.1802143181131,
    "sentKBytesPerSec" : 0.9021464885092229
  },
  "http://automationpractice.com/index.php?controller=search&orderby=position&orderway=desc&search_query=Top&submit_search=-0" : {
    "transaction" : "http://automationpractice.com/index.php?controller=search&orderby=position&orderway=desc&search_query=Top&submit_search=-0",
    "sampleCount" : 20,
    "errorCount" : 0,
    "errorPct" : 0.0,
    "meanResTime" : 220.35,
    "medianResTime" : 177.0,
    "minResTime" : 171.0,
    "maxResTime" : 405.0,
    "pct1ResTime" : 377.4000000000003,
    "pct2ResTime" : 404.3,
    "pct3ResTime" : 405.0,
    "throughput" : 0.5164622336991608,
    "receivedKBytesPerSec" : 0.23301323434473853,
    "sentKBytesPerSec" : 0.3051363783085862
  },
  "https://opensource-demo.orangehrmlive.com/-2" : {
    "transaction" : "https://opensource-demo.orangehrmlive.com/-2",
    "sampleCount" : 5,
    "errorCount" : 0,
    "errorPct" : 0.0,
    "meanResTime" : 877.6,
    "medianResTime" : 903.0,
    "minResTime" : 799.0,
    "maxResTime" : 946.0,
    "pct1ResTime" : 946.0,
    "pct2ResTime" : 946.0,
    "pct3ResTime" : 946.0,
    "throughput" : 5.2854122621564485,
    "receivedKBytesPerSec" : 8.64041028012685,
    "sentKBytesPerSec" : 3.102082782769556
  },
  "http://automationpractice.com/index.php?controller=search&orderby=position&orderway=desc&search_query=Top&submit_search=-1" : {
    "transaction" : "http://automationpractice.com/index.php?controller=search&orderby=position&orderway=desc&search_query=Top&submit_search=-1",
    "sampleCount" : 20,
    "errorCount" : 0,
    "errorPct" : 0.0,
    "meanResTime" : 212.15,
    "medianResTime" : 186.5,
    "minResTime" : 169.0,
    "maxResTime" : 318.0,
    "pct1ResTime" : 299.8000000000001,
    "pct2ResTime" : 317.34999999999997,
    "pct3ResTime" : 318.0,
    "throughput" : 0.5173171930369106,
    "receivedKBytesPerSec" : 0.5324729701766638,
    "sentKBytesPerSec" : 0.30564150565169035
  },
  "https://opensource-demo.orangehrmlive.com/-1" : {
    "transaction" : "https://opensource-demo.orangehrmlive.com/-1",
    "sampleCount" : 5,
    "errorCount" : 0,
    "errorPct" : 0.0,
    "meanResTime" : 517.8,
    "medianResTime" : 512.0,
    "minResTime" : 501.0,
    "maxResTime" : 557.0,
    "pct1ResTime" : 557.0,
    "pct2ResTime" : 557.0,
    "pct3ResTime" : 557.0,
    "throughput" : 8.771929824561402,
    "receivedKBytesPerSec" : 37.77069627192983,
    "sentKBytesPerSec" : 4.617256030701755
  },
  "OrangeHRM-HomePage" : {
    "transaction" : "OrangeHRM-HomePage",
    "sampleCount" : 5,
    "errorCount" : 0,
    "errorPct" : 0.0,
    "meanResTime" : 9354.8,
    "medianResTime" : 9579.0,
    "minResTime" : 7658.0,
    "maxResTime" : 11086.0,
    "pct1ResTime" : 11086.0,
    "pct2ResTime" : 11086.0,
    "pct3ResTime" : 11086.0,
    "throughput" : 0.42782578933858134,
    "receivedKBytesPerSec" : 1520.235992716266,
    "sentKBytesPerSec" : 1.7025293862839053
  },
  "http://automationpractice.com/index.php?controller=search&orderby=position&orderway=desc&search_query=Top&submit_search=-2" : {
    "transaction" : "http://automationpractice.com/index.php?controller=search&orderby=position&orderway=desc&search_query=Top&submit_search=-2",
    "sampleCount" : 20,
    "errorCount" : 0,
    "errorPct" : 0.0,
    "meanResTime" : 415.84999999999997,
    "medianResTime" : 386.0,
    "minResTime" : 309.0,
    "maxResTime" : 1221.0,
    "pct1ResTime" : 465.6000000000001,
    "pct2ResTime" : 1183.4499999999994,
    "pct3ResTime" : 1221.0,
    "throughput" : 0.5161556725508413,
    "receivedKBytesPerSec" : 2.1689123470888823,
    "sentKBytesPerSec" : 0.29789843991947973
  },
  "https://opensource-demo.orangehrmlive.com/-0" : {
    "transaction" : "https://opensource-demo.orangehrmlive.com/-0",
    "sampleCount" : 5,
    "errorCount" : 0,
    "errorPct" : 0.0,
    "meanResTime" : 3226.0,
    "medianResTime" : 3242.0,
    "minResTime" : 2865.0,
    "maxResTime" : 3514.0,
    "pct1ResTime" : 3514.0,
    "pct2ResTime" : 3514.0,
    "pct3ResTime" : 3514.0,
    "throughput" : 1.417233560090703,
    "receivedKBytesPerSec" : 1.4587540745464853,
    "sentKBytesPerSec" : 0.7127688314909297
  },
  "http://automationpractice.com/index.php?controller=search&orderby=position&orderway=desc&search_query=Top&submit_search=-3" : {
    "transaction" : "http://automationpractice.com/index.php?controller=search&orderby=position&orderway=desc&search_query=Top&submit_search=-3",
    "sampleCount" : 20,
    "errorCount" : 0,
    "errorPct" : 0.0,
    "meanResTime" : 207.90000000000003,
    "medianResTime" : 181.5,
    "minResTime" : 168.0,
    "maxResTime" : 301.0,
    "pct1ResTime" : 270.90000000000003,
    "pct2ResTime" : 299.54999999999995,
    "pct3ResTime" : 301.0,
    "throughput" : 0.5180676078228209,
    "receivedKBytesPerSec" : 0.5013720696800933,
    "sentKBytesPerSec" : 0.3475707486076933
  },
  "http://automationpractice.com/index.php?controller=order-7" : {
    "transaction" : "http://automationpractice.com/index.php?controller=order-7",
    "sampleCount" : 9,
    "errorCount" : 0,
    "errorPct" : 0.0,
    "meanResTime" : 436.7777777777777,
    "medianResTime" : 252.0,
    "minResTime" : 173.0,
    "maxResTime" : 892.0,
    "pct1ResTime" : 892.0,
    "pct2ResTime" : 892.0,
    "pct3ResTime" : 892.0,
    "throughput" : 0.30136619341012594,
    "receivedKBytesPerSec" : 0.29253710571256364,
    "sentKBytesPerSec" : 0.20248041119742835
  },
  "http://automationpractice.com/index.php?controller=order-5" : {
    "transaction" : "http://automationpractice.com/index.php?controller=order-5",
    "sampleCount" : 9,
    "errorCount" : 0,
    "errorPct" : 0.0,
    "meanResTime" : 317.0,
    "medianResTime" : 236.0,
    "minResTime" : 164.0,
    "maxResTime" : 843.0,
    "pct1ResTime" : 843.0,
    "pct2ResTime" : 843.0,
    "pct3ResTime" : 843.0,
    "throughput" : 0.3077870113881194,
    "receivedKBytesPerSec" : 0.2984692405355494,
    "sentKBytesPerSec" : 0.20709497152970144
  },
  "http://automationpractice.com/index.php?controller=order-6" : {
    "transaction" : "http://automationpractice.com/index.php?controller=order-6",
    "sampleCount" : 9,
    "errorCount" : 0,
    "errorPct" : 0.0,
    "meanResTime" : 439.0,
    "medianResTime" : 236.0,
    "minResTime" : 174.0,
    "maxResTime" : 892.0,
    "pct1ResTime" : 892.0,
    "pct2ResTime" : 892.0,
    "pct3ResTime" : 892.0,
    "throughput" : 0.30136619341012594,
    "receivedKBytesPerSec" : 0.29253710571256364,
    "sentKBytesPerSec" : 0.2054234404299491
  },
  "-OrangeHRM-SearchLeave" : {
    "transaction" : "-OrangeHRM-SearchLeave",
    "sampleCount" : 5,
    "errorCount" : 5,
    "errorPct" : 100.0,
    "meanResTime" : 3384.8,
    "medianResTime" : 3148.0,
    "minResTime" : 3112.0,
    "maxResTime" : 3842.0,
    "pct1ResTime" : 3842.0,
    "pct2ResTime" : 3842.0,
    "pct3ResTime" : 3842.0,
    "throughput" : 0.1312060459745985,
    "receivedKBytesPerSec" : 1.8500052482418392,
    "sentKBytesPerSec" : 1.214809103403485
  },
  "https://opensource-demo.orangehrmlive.com/web/index.php/api/v2/leave/holidays?fromDate=2022-01-01&toDate=2022-12-31" : {
    "transaction" : "https://opensource-demo.orangehrmlive.com/web/index.php/api/v2/leave/holidays?fromDate=2022-01-01&toDate=2022-12-31",
    "sampleCount" : 10,
    "errorCount" : 10,
    "errorPct" : 100.0,
    "meanResTime" : 266.8,
    "medianResTime" : 254.5,
    "minResTime" : 239.0,
    "maxResTime" : 382.0,
    "pct1ResTime" : 370.30000000000007,
    "pct2ResTime" : 382.0,
    "pct3ResTime" : 382.0,
    "throughput" : 0.20909566126502876,
    "receivedKBytesPerSec" : 0.06309624934657605,
    "sentKBytesPerSec" : 0.10373105070569785
  },
  "AutomationPractice-HomePage" : {
    "transaction" : "AutomationPractice-HomePage",
    "sampleCount" : 20,
    "errorCount" : 0,
    "errorPct" : 0.0,
    "meanResTime" : 7040.600000000001,
    "medianResTime" : 4704.5,
    "minResTime" : 3976.0,
    "maxResTime" : 24009.0,
    "pct1ResTime" : 13991.7,
    "pct2ResTime" : 23511.549999999996,
    "pct3ResTime" : 24009.0,
    "throughput" : 0.465018949522193,
    "receivedKBytesPerSec" : 1652.566586717315,
    "sentKBytesPerSec" : 2.084411111627799
  },
  "Total" : {
    "transaction" : "Total",
    "sampleCount" : 930,
    "errorCount" : 80,
    "errorPct" : 8.602151,
    "meanResTime" : 926.5666666666675,
    "medianResTime" : 278.0,
    "minResTime" : 0.0,
    "maxResTime" : 24009.0,
    "pct1ResTime" : 2343.2999999999997,
    "pct2ResTime" : 3510.1499999999996,
    "pct3ResTime" : 10770.819999999983,
    "throughput" : 9.948971404730575,
    "receivedKBytesPerSec" : 1922.1475227529231,
    "sentKBytesPerSec" : 10.2803843960279
  },
  "http://automationpractice.com/index.php?controller=order-0" : {
    "transaction" : "http://automationpractice.com/index.php?controller=order-0",
    "sampleCount" : 9,
    "errorCount" : 0,
    "errorPct" : 0.0,
    "meanResTime" : 345.8888888888889,
    "medianResTime" : 219.0,
    "minResTime" : 173.0,
    "maxResTime" : 758.0,
    "pct1ResTime" : 758.0,
    "pct2ResTime" : 758.0,
    "pct3ResTime" : 758.0,
    "throughput" : 0.32228031225381365,
    "receivedKBytesPerSec" : 0.12526129323927523,
    "sentKBytesPerSec" : 0.1702672352825324
  },
  "http://automationpractice.com/index.php?controller=order-3" : {
    "transaction" : "http://automationpractice.com/index.php?controller=order-3",
    "sampleCount" : 9,
    "errorCount" : 0,
    "errorPct" : 0.0,
    "meanResTime" : 346.1111111111111,
    "medianResTime" : 252.0,
    "minResTime" : 171.0,
    "maxResTime" : 892.0,
    "pct1ResTime" : 892.0,
    "pct2ResTime" : 892.0,
    "pct3ResTime" : 892.0,
    "throughput" : 0.30136619341012594,
    "receivedKBytesPerSec" : 0.29165419694280736,
    "sentKBytesPerSec" : 0.20218610827417627
  },
  "http://automationpractice.com/index.php?controller=order-4" : {
    "transaction" : "http://automationpractice.com/index.php?controller=order-4",
    "sampleCount" : 9,
    "errorCount" : 0,
    "errorPct" : 0.0,
    "meanResTime" : 482.55555555555554,
    "medianResTime" : 252.0,
    "minResTime" : 174.0,
    "maxResTime" : 1033.0,
    "pct1ResTime" : 1033.0,
    "pct2ResTime" : 1033.0,
    "pct3ResTime" : 1033.0,
    "throughput" : 0.30136619341012594,
    "receivedKBytesPerSec" : 0.29224280278931153,
    "sentKBytesPerSec" : 0.20571774335320117
  },
  "http://automationpractice.com/index.php?controller=order-1" : {
    "transaction" : "http://automationpractice.com/index.php?controller=order-1",
    "sampleCount" : 9,
    "errorCount" : 0,
    "errorPct" : 0.0,
    "meanResTime" : 481.3333333333333,
    "medianResTime" : 294.0,
    "minResTime" : 179.0,
    "maxResTime" : 838.0,
    "pct1ResTime" : 838.0,
    "pct2ResTime" : 838.0,
    "pct3ResTime" : 838.0,
    "throughput" : 0.31732599957689867,
    "receivedKBytesPerSec" : 0.32662265972075316,
    "sentKBytesPerSec" : 0.167649771260842
  },
  "http://automationpractice.com/index.php?controller=order-2" : {
    "transaction" : "http://automationpractice.com/index.php?controller=order-2",
    "sampleCount" : 9,
    "errorCount" : 0,
    "errorPct" : 0.0,
    "meanResTime" : 578.1111111111111,
    "medianResTime" : 401.0,
    "minResTime" : 315.0,
    "maxResTime" : 1237.0,
    "pct1ResTime" : 1237.0,
    "pct2ResTime" : 1237.0,
    "pct3ResTime" : 1237.0,
    "throughput" : 0.30658127810328384,
    "receivedKBytesPerSec" : 1.2872687866194303,
    "sentKBytesPerSec" : 0.1769429056240632
  }
}